Species	Order	Family	Genus	AdultBodyMassGrams	SexualMaturityAgeDays	MaxLongevity	LitterSize	LittersPerYear	BasalMetRate	Temp_Mean_01degC
Acinonyx_jubatus	Carnivora	Felidae	Acinonyx	50577.92	741.97	246	3.28	0.7	17115	23.083
Acomys_russatus	Rodentia	Muridae	Acomys	42.35	91	NA	2.5	NA	NA	21.439
Ailuropoda_melanoleuca	Carnivora	Ursidae	Ailuropoda	117999.99	2413.02	441.6	1.62	0.5	NA	6.551
Antechinus_flavipes	Dasyuromorphia	Dasyuridae	Antechinus	44.33	334.58	46.8	8.54	1	45.1	16.941
Aotus_nancymaae	Primates	Aotidae	Aotus	791.03	NA	NA	1.02	NA	NA	26.124
Apodemus_sylvaticus	Rodentia	Muridae	Apodemus	21.9	57.93	75.6	5.16	3.75	56.98	9.082
Artibeus_jamaicensis	Chiroptera	Phyllostomidae	Artibeus	43.63	333.22	230.4	1	2	56.5	23.753
Arvicanthis_niloticus	Rodentia	Muridae	Arvicanthis	95.8	51.89	80.4	4.86	3.5	NA	24.902
Arvicola_amphibius	Rodentia	Cricetidae	Arvicola	120	48.43	60	4.76	3.5	113.1	1.026
Balaenoptera_acutorostrata_scammoni	Artiodactyla	Balaenopteridae	Balaenoptera	5587093.59	2680.62	600	1	1	NA	NA
Balaenoptera_musculus	Artiodactyla	Balaenopteridae	Balaenoptera	154321304.5	1959.8	1320	1	0.45	NA	NA
Bison_bison_bison	Artiodactyla	Bovidae	Bison	624577.07	921.77	402	0.98	1	NA	-0.535
Bos_indicus	Artiodactyla	Bovidae	Bos	NA	NA	NA	NA	NA	NA	NA
Bos_mutus	Artiodactyla	Bovidae	Bos	667000	738	NA	1	0.8	NA	NA
Bos_taurus	Artiodactyla	Bovidae	Bos	618642.42	755.15	240	1	1	NA	22.873
Bubalus_bubalis	Artiodactyla	Bovidae	Bubalus	929500.97	755.15	418.8	1.5	1	NA	22.358
Budorcas_taxicolor	Artiodactyla	Bovidae	Budorcas	294515.33	928.08	262.8	1.22	1	NA	3.988
Callithrix_jacchus	Primates	Cebidae	Callithrix	290.21	455.99	273.6	2.31	2.4	152	24.992
Callorhinus_ursinus	Carnivora	Otariidae	Callorhinus	55464.82	1683.65	420	1.04	0.5	NA	NA
Camelus_bactrianus	Artiodactyla	Camelidae	Camelus	554515.91	1330.6	480	1.39	1	NA	5.372
Camelus_dromedarius	Artiodactyla	Camelidae	Camelus	492714.47	1947.94	480	0.98	1	40293	NA
Camelus_ferus	Artiodactyla	Camelidae	Camelus	554515.91	1330.6	NA	1.39	1	NA	5.372
Canis_lupus_dingo	Carnivora	Canidae	Canis	31756.51	679.37	354	4.98	2	11254.2	0.482
Capra_hircus	Artiodactyla	Bovidae	Capra	47386.47	498.97	249.6	1.45	1	NA	NA
Carlito_syrichta	Primates	Tarsiidae	Carlito	115.91	518	180	1.01	0.9	76.7	24.107
Castor_canadensis	Rodentia	Castoridae	Castor	18124.41	663.02	280.8	3.6	1	NA	3.986
Cavia_porcellus	Rodentia	Caviidae	Cavia	727.99	68.59	177.6	3.45	5	NA	NA
Cebus_imitator	Primates	Cebidae	Cebus	2655	2213	NA	1	0.5	NA	NA
Ceratotherium_simum_simum	Perissodactyla	Rhinocerotidae	Ceratotherium	2285939.43	2741.23	600	1	0.4	NA	21.638
Cercocebus_atys	Primates	Cercopithecidae	Cercocebus	6941.24	1321.67	321.6	1.01	0.83	NA	25.564
Cervus_canadensis	Artiodactyla	Cervidae	Cervus	495000	730	NA	1	NA	NA	NA
Cervus_elaphus	Artiodactyla	Cervidae	Cervus	241000	659.91	378	1.09	1	NA	2.773
Chinchilla_lanigera	Rodentia	Chinchillidae	Chinchilla	480.28	222.33	206.4	1.87	2	282.1	7.217
Chlorocebus_sabaeus	Primates	Cercopithecidae	Chlorocebus	5570	730	NA	1	NA	NA	26.994
Choloepus_didactylus	Pilosa	Megalonychidae	Choloepus	6646.5	1262.74	441.6	1	1	NA	25.237
Chrysochloris_asiatica	Afrosoricida	Chrysochloridae	Chrysochloris	37.16	NA	NA	3.49	NA	40.8	16.109
Colobus_angolensis_palliatus	Primates	Cercopithecidae	Colobus	8990.31	1095	423.6	1.01	0.5	NA	23.328
Condylura_cristata	Eulipotyphla	Talpidae	Condylura	48.15	304.16	36	5.39	1	NA	3.691
Cricetulus_griseus	Rodentia	Cricetidae	Cricetulus	40	25	NA	5.3	3.5	NA	NA
Dasypus_novemcinctus	Cingulata	Dasypodidae	Dasypus	3949.01	511.16	267.6	3.96	1	866.97	22.509
Delphinapterus_leucas	Artiodactyla	Monodontidae	Delphinapterus	1381640.73	2104.57	480	1.02	0.41	NA	NA
Desmodus_rotundus	Chiroptera	Phyllostomidae	Desmodus	33.2	285	350.4	1	1.26	26.75	21.633
Dipodomys_ordii	Rodentia	Heteromyidae	Dipodomys	50.4	86.77	118.8	2.95	2	63.97	11.141
Dipodomys_spectabilis	Rodentia	Heteromyidae	Dipodomys	124.61	310.33	152.4	2.67	2	NA	15.327
Dromiciops_gliroides	Microbiotheria	Microbiotheriidae	Dromiciops	25	556.85	38.4	3	1	NA	9.093
Echinops_telfairi	Afrosoricida	Tenrecidae	Echinops	152.25	278.42	228	5.49	1	133.86	23.645
Elephantulus_edwardii	Macroscelidea	Macroscelididae	Elephantulus	49.7	NA	NA	1.8	NA	54.39	16.12
Elephas_maximus_indicus	Proboscidea	Elephantidae	Elephas	3269794.34	4014.43	960	1.41	0.225	NA	22.561
Enhydra_lutris_kenyoni	Carnivora	Mustelidae	Enhydra	27410.93	1022.33	360	0.96	1.67	12060	NA
Eptesicus_fuscus	Chiroptera	Vespertilionidae	Eptesicus	17.49	395.29	240	1.85	1	30.42	11.512
Equus_asinus	Perissodactyla	Equidae	Equus	164998.49	742.46	564	1	1	NA	NA
Equus_caballus	Perissodactyla	Equidae	Equus	403598.53	834.72	744	1	1	NA	NA
Equus_przewalskii	Perissodactyla	Equidae	Equus	300000	940	NA	1	1	NA	NA
Equus_quagga	Perissodactyla	Equidae	Equus	280000	900	456	1	0.6	NA	NA
Erinaceus_europaeus	Eulipotyphla	Erinaceidae	Erinaceus	777.95	265.8	168	4.64	1.5	404.6	6.039
Eumetopias_jubatus	Carnivora	Otariidae	Eumetopias	382466.74	1965.83	393.6	0.96	1	NA	NA
Felis_catus	Carnivora	Felidae	Felis	2884.8	296.98	408	4	NA	NA	NA
Fukomys_damarensis	Rodentia	Bathyergidae	Fukomys	112.2	511	186	3	4	76.87	21.187
Galeopterus_variegatus	Dermoptera	Cynocephalidae	Galeopterus	1500	1095	NA	1	2	NA	NA
Globicephala_melas	Artiodactyla	Delphinidae	Globicephala	800000	3458.66	720	1	0.2	NA	NA
Gorilla_gorilla_gorilla	Primates	Hominidae	Gorilla	112588.99	3353.12	721.2	1.05	0.225	NA	24.243
Gracilinanus_agilis	Didelphimorphia	Didelphidae	Gracilinanus	22.03	270	73.2	12	NA	NA	22.976
Grammomys_surdaster	Rodentia	Muridae	Grammomys	60	73	NA	3	NA	NA	NA
Halichoerus_grypus	Carnivora	Phocidae	Halichoerus	197570.01	1770.72	560.07	0.96	0.9	38605.8	NA
Heterocephalus_glaber	Rodentia	Bathyergidae	Heterocephalus	39.36	296.5	372	11.3	4.5	25.74	23.905
Hipposideros_armiger	Chiroptera	Hipposideridae	Hipposideros	49.99	NA	NA	NA	NA	NA	18.589
Homo_sapiens	Primates	Hominidae	Homo	58540.63	5582.93	1470	1	0.3	NA	NA
Hyaena_hyaena	Carnivora	Hyaenidae	Hyaena	35070.51	928.08	300	2.44	NA	4582.8	22.897
Hylobates_moloch	Primates	Hylobatidae	Hylobates	5860.81	2337	540	1	0.42	NA	23.825
Ictidomys_tridecemlineatus	Rodentia	Sciuridae	Ictidomys	174.91	264.16	NA	8.08	1	103.74	8.037
Jaculus_jaculus	Rodentia	Dipodidae	Jaculus	59.8	240.52	87.6	3.24	1.5	92.25	23.989
Lagenorhynchus_obliquidens	Artiodactyla	Delphinidae	Sagmatias	109694.46	3522.25	552	1	NA	NA	NA
Lemur_catta	Primates	Lemuridae	Lemur	2626.48	831.62	447.6	1.18	1	NA	22.971
Leopardus_geoffroyi	Carnivora	Felidae	Leopardus	4000	479	276	2	1.3	NA	15.723
Leptonychotes_weddellii	Carnivora	Phocidae	Leptonychotes	400000	1587.55	300	1	1	113712	NA
Lipotes_vexillifer	Artiodactyla	Lipotidae	Lipotes	112138.32	3367.31	288	1	0.5	NA	NA
Lontra_canadensis	Carnivora	Mustelidae	Lontra	8087.42	729.99	324	2.67	0.9	NA	1.063
Loxodonta_africana	Proboscidea	Elephantidae	Loxodonta	3824539.93	4977.64	960	0.84	0.2	NA	23.148
Lynx_canadensis	Carnivora	Felidae	Lynx	9682.82	672.9	321.6	2.73	1	NA	-3.176
Macaca_fascicularis	Primates	Cercopithecidae	Macaca	4569.32	1319.5	468	1	1	NA	24.922
Macaca_mulatta	Primates	Cercopithecidae	Macaca	6455.19	1101.07	480	1.01	1	2239	16.88
Macaca_nemestrina	Primates	Cercopithecidae	Macaca	7820.78	1427.17	451.2	1.01	0.8	NA	24.669
Macaca_thibetana_thibetana	Primates	Cercopithecidae	Macaca	10593.06	1776	324	1.01	0.5	NA	12.961
Mandrillus_leucophaeus	Primates	Cercopithecidae	Mandrillus	14253.3	1745.96	468	1.01	0.5	NA	24.278
Manis_javanica	Pholidota	Manidae	Manis	4861.71	755.15	NA	1	1	1105.64	24.719
Manis_pentadactyla	Pholidota	Manidae	Manis	4675	755.15	NA	1	1	NA	17.526
Marmota_flaviventris	Rodentia	Sciuridae	Marmota	3709.73	827.69	254.4	4.66	1	1546.2	5.947
Marmota_marmota_marmota	Rodentia	Sciuridae	Marmota	4059.15	827.69	216	4	1	1008.72	4.667
Marmota_monax	Rodentia	Sciuridae	Marmota	3880.93	413.84	168	4.1	1	662.5	2.67
Mastomys_coucha	Rodentia	Muridae	Mastomys	53.81	NA	NA	7.96	NA	NA	17.625
Meles_meles	Carnivora	Mustelidae	Meles	11884.03	420.91	223.2	3.11	1	3340.8	NA
Meriones_unguiculatus	Rodentia	Muridae	Meriones	57.75	56.5	75.6	5.01	3	99.4	0.337
Mesocricetus_auratus	Rodentia	Cricetidae	Mesocricetus	98.6	50.97	120	8.79	4	NA	10.77
Microcebus_murinus	Primates	Cheirogaleidae	Microcebus	69	355.53	218.4	2	1	125.84	24.086
Microtus_fortis	Rodentia	Cricetidae	Alexandromys	63	131.53	NA	5.34	6	NA	5.803
Microtus_ochrogaster	Rodentia	Cricetidae	Microtus	42.5	36.19	63.6	3.87	4.07	82.47	8.289
Microtus_oregoni	Rodentia	Cricetidae	Microtus	20.35	34.23	15	3.32	4.8	NA	7.396
Miniopterus_natalensis	Chiroptera	Miniopteridae	Miniopterus	10.43	NA	NA	1	1	NA	NA
Mirounga_angustirostris	Carnivora	Phocidae	Mirounga	1112390.81	1522.5	243.5	1	1	NA	NA
Mirounga_leonina	Carnivora	Phocidae	Mirounga	1600000	1607.08	276	1	1	NA	NA
Molossus_molossus	Chiroptera	Molossidae	Molossus	13.7	103.46	67.2	0.99	2	20.13	22.613
Monodelphis_domestica	Didelphimorphia	Didelphidae	Monodelphis	93.45	162.11	72	7.29	4	61.25	22.986
Monodon_monoceros	Artiodactyla	Monodontidae	Monodon	938126.44	2580.24	600	1	0.41	NA	NA
Mus_caroli	Rodentia	Muridae	Mus	14.26	47.5	NA	NA	NA	NA	22.766
Mus_musculus	Rodentia	Muridae	Mus	19.3	64.71	72	5.54	4.5	56.76	NA
Mus_pahari	Rodentia	Muridae	Mus	NA	NA	NA	NA	NA	NA	18.761
Mustela_erminea	Carnivora	Mustelidae	Mustela	284.5	93.09	150	6.74	1	NA	-2.822
Mustela_putorius_furo	Carnivora	Mustelidae	Mustela	975.55	308.5	168	8.48	1	847.8	6.388
Myodes_glareolus	Rodentia	Cricetidae	Myodes	20.73	40.91	58.8	4.31	3.5	57.2	3.821
Myotis_brandtii	Chiroptera	Vespertilionidae	Myotis	5.3	456	492	1	NA	NA	4.296
Myotis_davidii	Chiroptera	Vespertilionidae	Myotis	7	NA	NA	NA	NA	NA	NA
Myotis_lucifugus	Chiroptera	Vespertilionidae	Myotis	7.8	280.6	408	1	1	9.29	NA
Myotis_myotis	Chiroptera	Vespertilionidae	Myotis	25.59	399.6	445.2	1.5	1	NA	9.102
Nannospalax_galili	Rodentia	Spalacidae	Nannospalax	160	610	NA	3	1	NA	NA
Neogale_vison	Carnivora	Mustelidae	Neogale	925	352	136.8	4.5	1	NA	1.491
Neomonachus_schauinslandi	Carnivora	Phocidae	Neomonachus	222999.99	1687.65	360	1	0.5	NA	NA
Neophocaena_asiaeorientalis_asiaeorientalis	Artiodactyla	Phocoenidae	Neophocaena	56000	1733	NA	NA	NA	NA	NA
Nomascus_leucogenys	Primates	Hylobatidae	Nomascus	7320	3069	529.2	1	0.4	NA	19.067
Ochotona_curzoniae	Lagomorpha	Ochotonidae	Ochotona	159.47	65	NA	4.39	3.5	NA	-4.758
Ochotona_princeps	Lagomorpha	Ochotonidae	Ochotona	157.63	374.39	84	2.88	2	166.77	4.358
Octodon_degus	Rodentia	Octodontidae	Octodon	203.27	187.19	168	5.31	2	177.25	6.347
Odobenus_rosmarus_divergens	Carnivora	Odobenidae	Odobenus	1042996.25	2315.02	480	1.22	0.5	NA	NA
Odocoileus_virginianus_texanus	Artiodactyla	Cervidae	Odocoileus	75901.25	365	276	1.57	1	NA	12.764
Onychomys_torridus	Rodentia	Cricetidae	Onychomys	21.68	56.02	55.2	3.3	2.5	29.6	14.935
Orcinus_orca	Artiodactyla	Delphinidae	Orcinus	5628758.66	4989.76	1200	1	0.2	NA	NA
Ornithorhynchus_anatinus	Monotremata	Ornithorhynchidae	Ornithorhynchus	1484.25	742.46	271.2	2	1	477.34	15.653
Orycteropus_afer_afer	Tubulidentata	Orycteropodidae	Orycteropus	56175.2	755.15	357.6	1.1	1	6144	23.477
Oryctolagus_cuniculus	Lagomorpha	Leporidae	Oryctolagus	1590.57	185.61	216	5.24	4.5	NA	10.387
Oryx_dammah	Artiodactyla	Bovidae	Oryx	199798.95	638	330	1	NA	NA	28.102
Otolemur_garnettii	Primates	Galagidae	Otolemur	811.17	592.15	240	1.02	1.4	NA	23.597
Ovis_aries	Artiodactyla	Bovidae	Ovis	39097.89	831.62	273.6	1.19	1	NA	NA
Pan_paniscus	Primates	Hominidae	Pan	35119.95	5465.72	660	1.01	0.2	NA	25.033
Pan_troglodytes	Primates	Hominidae	Pan	45000	3897.96	816	1.05	0.22	9000	24.168
Panthera_leo	Carnivora	Felidae	Panthera	158623.93	987.77	360	2.75	2	27420.6	23.438
Panthera_pardus	Carnivora	Felidae	Panthera	52399.99	810.68	327.6	2.14	1	NA	20.763
Panthera_tigris	Carnivora	Felidae	Panthera	161914.66	1522.5	315.6	2.6	1	28497	21.151
Panthera_uncia	Carnivora	Felidae	Panthera	32500	841.82	254.4	2.12	1	NA	-4.681
Papio_anubis	Primates	Cercopithecidae	Papio	17728.56	2920	302.4	1.01	1	NA	24.267
Perognathus_longimembris_pacificus	Rodentia	Heteromyidae	Perognathus	8.07	125.41	99.6	4.45	1	12.58	11.484
Peromyscus_californicus_insignis	Rodentia	Cricetidae	Peromyscus	42.68	50	66	1.94	4.37	49.71	12.513
Peromyscus_leucopus	Rodentia	Cricetidae	Peromyscus	18.07	45.15	94.8	4.27	4.5	33.91	13.026
Peromyscus_maniculatus_bairdii	Rodentia	Cricetidae	Peromyscus	19.98	48.05	99.6	4.76	2.6	36.46	6.172
Phascolarctos_cinereus	Diprotodontia	Phascolarctidae	Phascolarctos	6528.74	834.72	265.2	1.01	1	1034.1	17.864
Phoca_vitulina	Carnivora	Phocidae	Phoca	87316.66	1526.85	571.2	1	1	32350.8	NA
Phocoena_sinus	Artiodactyla	Phocoenidae	Phocoena	43121.43	1642.5	NA	0.97	0.5	NA	NA
Phodopus_roborovskii	Rodentia	Cricetidae	Phodopus	21	21.35	57.6	6.28	3.5	NA	0.943
Phyllostomus_discolor	Chiroptera	Phyllostomidae	Phyllostomus	36.7	NA	108	0.99	NA	34.5	24.255
Phyllostomus_hastatus	Chiroptera	Phyllostomidae	Phyllostomus	91.44	730	216	0.99	1	70.72	23.887
Physeter_catodon	Artiodactyla	Physeteridae	Physeter	14540959.82	3935.04	924	0.99	0.25	NA	NA
Piliocolobus_tephrosceles	Primates	Cercopithecidae	Piliocolobus	NA	NA	NA	NA	NA	NA	20.58
Pipistrellus_kuhlii	Chiroptera	Vespertilionidae	Pipistrellus	6.07	NA	96	1.21	1	NA	14.668
Pongo_abelii	Primates	Hominidae	Pongo	39696.12	2555	NA	1	0.2	NA	22.353
Prionailurus_bengalensis	Carnivora	Felidae	Prionailurus	2780.97	855.31	204	2.5	1	NA	16.91
Propithecus_coquereli	Primates	Indriidae	Propithecus	4189.27	1460	NA	1	1	NA	25.142
Pteropus_alecto	Chiroptera	Pteropodidae	Pteropus	610.13	730	243.6	1	1	NA	24.999
Pteropus_giganteus	Chiroptera	Pteropodidae	Pteropus	824.85	395.29	528	0.99	1	377	24.334
Pteropus_vampyrus	Chiroptera	Pteropodidae	Pteropus	1027.54	730	250.8	0.99	1	NA	24.998
Puma_concolor	Carnivora	Felidae	Puma	53954.05	1034.61	324	2.76	0.75	13300.8	18.193
Puma_yagouaroundi	Carnivora	Felidae	Herpailurus	6875	1052.28	223.2	2.5	2	NA	23.353
Rattus_norvegicus	Rodentia	Muridae	Rattus	282.89	55.23	45.6	8.99	3.5	NA	NA
Rattus_rattus	Rodentia	Muridae	Rattus	142.68	115.29	50.4	5.88	3.75	NA	NA
Rhinolophus_ferrumequinum	Chiroptera	Rhinolophidae	Rhinolophus	22.59	827.69	366	0.98	1	NA	10.869
Rhinopithecus_bieti	Primates	Cercopithecidae	Rhinopithecus	11000.54	755.15	NA	1	0.5	NA	2.558
Rhinopithecus_roxellana	Primates	Cercopithecidae	Rhinopithecus	13456.8	NA	354	1	NA	NA	9.01
Rousettus_aegyptiacus	Chiroptera	Pteropodidae	Rousettus	134	315.68	274.8	1.07	2	122.64	22.626
Saimiri_boliviensis_boliviensis	Primates	Cebidae	Saimiri	799.45	NA	363.6	1.02	NA	NA	24.287
Sapajus_apella	Primates	Cebidae	Sapajus	2758.38	1760.81	541.2	1.05	0.6	NA	24.117
Sarcophilus_harrisii	Dasyuromorphia	Dasyuridae	Sarcophilus	8202.25	777.31	156	2.88	1	1617	10.427
Sorex_araneus	Eulipotyphla	Soricidae	Sorex	9.18	312.9	38.4	6.56	2	60.23	1.032
Sturnira_hondurensis	Chiroptera	Phyllostomidae	Sturnira	20	NA	NA	NA	NA	NA	NA
Suncus_etruscus	Eulipotyphla	Soricidae	Suncus	2.26	365	38.4	4	3.4	NA	16.39
Suricata_suricatta	Carnivora	Herpestidae	Suricata	729.99	377.37	247.2	3.86	1	290.12	17.581
Sus_scrofa	Artiodactyla	Suidae	Sus	84471.54	350.76	324	4.52	1.5	NA	11.691
Tachyglossus_aculeatus	Monotremata	Tachyglossidae	Tachyglossus	4499.97	556.85	600	1	1	414.04	20.986
Talpa_occidentalis	Eulipotyphla	Talpidae	Talpa	49.47	371.03	NA	NA	NA	NA	13.067
Theropithecus_gelada	Primates	Cercopithecidae	Theropithecus	15964.11	1894.11	432	1.01	0.5	NA	17.339
Trachypithecus_francoisi	Primates	Cercopithecidae	Trachypithecus	8139.93	1460	315.6	1	1	NA	18.752
Trichechus_manatus_latirostris	Sirenia	Trichechidae	Trichechus	467324.83	1887.88	828	1.22	0.4	NA	NA
Trichosurus_vulpecula	Diprotodontia	Phalangeridae	Trichosurus	2685.39	420.91	190.8	1.02	1.5	624.33	18.267
Tupaia_chinensis	Scandentia	Tupaiidae	Tupaia	200	122	120	2	7.5	NA	NA
Tursiops_truncatus	Artiodactyla	Delphinidae	Tursiops	281040.55	3354.8	619.2	0.98	0.5	NA	NA
Urocitellus_parryii	Rodentia	Sciuridae	Urocitellus	747.09	420.91	NA	6.5	1	NA	-10.36
Ursus_americanus	Carnivora	Ursidae	Ursus	110500	1448.45	408	2.39	0.5	24365.4	0.389
Ursus_arctos	Carnivora	Ursidae	Ursus	196287.5	1327.95	600	2.24	0.33	20790.6	-4.656
Ursus_maritimus	Carnivora	Ursidae	Ursus	371703.81	1850.26	525.6	1.66	0.4	44346	NA
Vicugna_pacos	Artiodactyla	Camelidae	Vicugna	62000	466	309.6	1.04	1	NA	NA
Vombatus_ursinus	Diprotodontia	Vombatidae	Vombatus	26000	755.15	360	1	0.5	NA	12.965
Vulpes_lagopus	Carnivora	Canidae	Vulpes	3584.37	293.89	195.6	7.65	1	1627.2	-9.038
Vulpes_vulpes	Carnivora	Canidae	Vulpes	4820.36	321.07	255.6	4.59	1	2152.8	3.432
Zalophus_californianus	Carnivora	Otariidae	Zalophus	137194.86	2023.55	428.4	1.41	0.5	NA	NA
